feature,importance
Monetary,0.05935266406757638
Recency,0.016760071474983755
Time,0.005766731643924638
Frequency,0.004560591293047478
